<?xml version="1.0"?>
<configuration platform="BDW">
<!--
XML configuration for Broadwell based platforms
-->

  <!-- #################################### -->
  <!--                                      -->
  <!-- Information                          -->
  <!--                                      -->
  <!-- #################################### -->
  <info family="core" detection_value="0x306d0-0x306df, 0x40670-0x4067f">
    <sku did="0x1600" name="Broadwell" code="BDW" longname="Desktop 5th Generation Core Processor (Broadwell CPU / Wildcat Point PCH)" />
    <sku did="0x1604" name="Broadwell" code="BDW" longname="Mobile 5th Generation Core Processor (Broadwell M/H / Wildcat Point PCH)" />
    <sku did="0x1610" name="Broadwell" code="BDW" longname="Desktop 5th Generation Core Processor (Broadwell H / Wildcat Point PCH)" />
    <sku did="0x1614" name="Broadwell" code="BDW" longname="Mobile 5th Generation Core Processor (Broadwell H / Wildcat Point PCH)" />
    <sku did="0x1618" name="Broadwell Server" code="BDW" longname="Intel Xeon Processor E3 v4 (Broadwell CPU)" />
  </info>

  <!-- #################################### -->
  <!--                                      -->
  <!-- Integrated devices                   -->
  <!--                                      -->
  <!-- #################################### -->
  <pci>
  </pci>

  <!-- #################################### -->
  <!--                                      -->
  <!-- Memory Mapped I/O spaces (MMIO BARs) -->
  <!--                                      -->
  <!-- #################################### -->
  <mmio>
  </mmio>

  <!-- #################################### -->
  <!--                                      -->
  <!-- I/O spaces (I/O BARs)                -->
  <!--                                      -->
  <!-- #################################### -->
  <io>
  </io>

  <!-- #################################### -->
  <!--                                      -->
  <!-- Memory ranges                        -->
  <!--                                      -->
  <!-- #################################### -->
  <memory>
  </memory>

  <!-- #################################### -->
  <!--                                      -->
  <!-- Configuration registers              -->
  <!--                                      -->
  <!-- #################################### -->
  <registers>
    <register name="MSR_SMM_FEATURE_CONTROL" type="msr" msr="0x4E0" desc="Enhanced SMM Feature Control">
      <field name="LOCK"            bit="0" size="1"  desc="Lock bit" />
      <field name="SMM_CODE_CHK_EN" bit="2" size="1"  desc="Prevents SMM from executing code outside the ranges defined by the SMRR" />
    </register>
  </registers>

</configuration>