<?xml version="1.0"?>
<configuration platform="CML" req_pch="True">
<!-- XML configuration file for Comet Lake -->

  <!-- #################################### -->
  <!--                                      -->
  <!-- Information                          -->
  <!--                                      -->
  <!-- #################################### -->
  <info family="core" detection_value="0xA0652, 0xA0653, 0xA0655, 0xA0660, 0xA0661">
    <sku did="0x3E20" name="CometLake" code="CML" longname="CometLake H8 Core / XeonW" />
    <sku did="0x3E33" name="CometLake" code="CML" longname="CometLake v1 U6 Core" />
    <sku did="0x3E34" name="CometLake" code="CML" longname="CometLake v1 U4 Core" />
    <sku did="0x3E35" name="CometLake" code="CML" longname="CometLake v1 U2 Core" />
    <sku did="0x9B33" name="CometLake" code="CML" longname="CometLake S10 Core" />
    <sku did="0x9B43" name="CometLake" code="CML" longname="CometLake S8 Core" />
    <sku did="0x9B44" name="CometLake" code="CML" longname="CometLake H8 Core / XeonW" />
    <sku did="0x9B51" name="CometLake" code="CML" longname="CometLake v1/v2 U6 Core" />
    <sku did="0x9B53" name="CometLake" code="CML" longname="CometLake S6 Core" />
    <sku did="0x9B54" name="CometLake" code="CML" longname="CometLake H6 Core" />
    <sku did="0x9B61" name="CometLake" code="CML" longname="CometLake U" />
    <sku did="0x9B63" name="CometLake" code="CML" longname="CometLake S Core" />
    <sku did="0x9B64" name="CometLake" code="CML" longname="CometLake H4 Core" />
    <sku did="0x9B71" name="CometLake" code="CML" longname="CometLake U" />
    <sku did="0x9B73" name="CometLake" code="CML" longname="CometLake S Core" />
  </info>

  <!-- #################################### -->
  <!--                                      -->
  <!-- Integrated devices                   -->
  <!--                                      -->
  <!-- #################################### -->
  <pci>
  </pci>

  <!-- #################################### -->
  <!--                                      -->
  <!-- Memory Mapped I/O spaces (MMIO BARs) -->
  <!--                                      -->
  <!-- #################################### -->
  <mmio>
    <bar name="GTTMMADR" bus="0" dev="2" fun="0" reg="0x10" width="8" mask="0x7FFF000000" desc="Graphics Translation Table Range"/>
  </mmio>

  <!-- #################################### -->
  <!--                                      -->
  <!-- I/O spaces (I/O BARs)                -->
  <!--                                      -->
  <!-- #################################### -->
  <io>
  </io>

  <!-- #################################### -->
  <!--                                      -->
  <!-- Memory ranges                        -->
  <!--                                      -->
  <!-- #################################### -->
  <memory>
  </memory>

  <!-- #################################### -->
  <!--                                      -->
  <!-- Configuration registers              -->
  <!--                                      -->
  <!-- #################################### -->
  <registers>

    <!-- ~~~~~~~~~~~~~~~~~~~~~~~~~~~~ -->
    <!-- PCIe Configuration registers -->
    <!-- ~~~~~~~~~~~~~~~~~~~~~~~~~~~~ -->

    <!-- Sideband Register Access Registers -->

    <!-- Power Management Controller -->

    <!-- SMBus Host Controller -->

    <!-- SPI Interface Controller -->

    <!-- ~~~~~~~~~~~~~~~~~~~~~~~~~~~~ -->
    <!-- MMIO registers               -->
    <!-- ~~~~~~~~~~~~~~~~~~~~~~~~~~~~ -->

    <!-- PCH SPIBAR registers -->

    <!-- PCH RTC registers -->

    <!-- ~~~~~~~~~~~~~~~~~~~~~~~~~~~~ -->
    <!-- I/O registers (I/O ports)    -->
    <!-- ~~~~~~~~~~~~~~~~~~~~~~~~~~~~ -->

    <!-- PCH TCOBASE (SMBus TCO) I/O registers -->

    <!-- ~~~~~~~~~~~~~~~~~~~~~~~~~~~~ -->
    <!-- CPU Model Specific Registers -->
    <!-- ~~~~~~~~~~~~~~~~~~~~~~~~~~~~ -->

    <!-- MSR_SMM_FEATURE_CONTROL -->
    <register name="MSR_SMM_FEATURE_CONTROL" type="msr" msr="0x4E0" desc="Enhanced SMM Feature Control">
      <field name="LOCK"            bit="0" size="1"  desc="Lock bit" />
      <field name="SMM_CODE_CHK_EN" bit="2" size="1"  desc="Prevents SMM from executing code outside the ranges defined by the SMRR" />
    </register>

    <!-- ~~~~~~~~~~~~~~~~~~~~~~~~~~~~ -->
    <!--      Undefined Registers     -->
    <!-- ~~~~~~~~~~~~~~~~~~~~~~~~~~~~ -->

  </registers>

  <controls>
  </controls>

</configuration>
