<?xml version="1.0"?>
<configuration platform="PCH_6XXS">
<!--
CHIPSEC: Platform Security Assessment Framework
Copyright (c) 2021-2022, Intel Corporation

This program is free software; you can redistribute it and/or
modify it under the terms of the GNU General Public License
as published by the Free Software Foundation; Version 2.

This program is distributed in the hope that it will be useful,
but WITHOUT ANY WARRANTY; without even the implied warranty of
MERCHANTABILITY or FITNESS FOR A PARTICULAR PURPOSE.  See the
GNU General Public License for more details.

You should have received a copy of the GNU General Public License
along with this program; if not, write to the Free Software
Foundation, Inc., 51 Franklin Street, Fifth Floor, Boston, MA  02110-1301, USA.

Contact information:
chipsec@intel.com
-->
<!--
XML configuration file for 6XX series pch
Based upon datasheet(s): 648364 and 680836
Also: 743835 (700 series)
-->

  <!-- #################################### -->
  <!--                                      -->
  <!-- Information                          -->
  <!--                                      -->
  <!-- #################################### -->
  <info>
    <sku did="0x7A80" name="6xxS" code="PCH_6XXS" longname="ADL PCH 600 Series"/>
    <sku did="0x7A81" name="6xxS" code="PCH_6XXS" longname="ADL PCH 600 Series"/>
    <sku did="0x7A82" name="6xxS" code="PCH_6XXS" longname="ADL PCH 600 Series"/>
    <sku did="0x7A83" name="6xxS" code="PCH_6XXS" longname="Intel Q670 PCH"/>
    <sku did="0x7A84" name="6xxS" code="PCH_6XXS" longname="Intel Z690 PCH"/>
    <sku did="0x7A85" name="6xxS" code="PCH_6XXS" longname="Intel H670 PCH"/>
    <sku did="0x7A86" name="6xxS" code="PCH_6XXS" longname="Intel B660 PCH"/>
    <sku did="0x7A87" name="6xxS" code="PCH_6XXS" longname="Intel H610 PCH"/>
    <sku did="0x7A88" name="6xxS" code="PCH_6XXS" longname="Intel W680 PCH"/>
    <sku did="0x7A89" name="6xxS" code="PCH_6XXS" longname="ADL PCH 600 Series"/>
    <sku did="0x7A8A" name="6xxS" code="PCH_6XXS" longname="ADL PCH 600 Series"/>
    <sku did="0x7A8B" name="6xxS" code="PCH_6XXS" longname="ADL PCH 600 Series"/>
    <sku did="0x7A8C" name="6xxS" code="PCH_6XXS" longname="Intel HM670 PCH"/>
    <sku did="0x7A8D" name="6xxS" code="PCH_6XXS" longname="Intel WM690 PCH"/>
    <sku did="0x7A8E" name="6xxS" code="PCH_6XXS" longname="ADL PCH 600 Series"/>
    <sku did="0x7A8F" name="6xxS" code="PCH_6XXS" longname="ADL PCH 600 Series"/>
    <sku did="0x7A90" name="6xxS" code="PCH_6XXS" longname="ADL PCH 600 Series"/>
    <sku did="0x7A91" name="6xxS" code="PCH_6XXS" longname="ADL PCH 600 Series"/>
    <sku did="0x7A92" name="6xxS" code="PCH_6XXS" longname="ADL PCH 600 Series"/>
    <sku did="0x7A93" name="6xxS" code="PCH_6XXS" longname="ADL PCH 600 Series"/>
    <sku did="0x7A94" name="6xxS" code="PCH_6XXS" longname="ADL PCH 600 Series"/>
    <sku did="0x7A95" name="6xxS" code="PCH_6XXS" longname="ADL PCH 600 Series"/>
    <sku did="0x7A96" name="6xxS" code="PCH_6XXS" longname="ADL PCH 600 Series"/>
    <sku did="0x7A97" name="6xxS" code="PCH_6XXS" longname="ADL PCH 600 Series"/>
    <sku did="0x7A98" name="6xxS" code="PCH_6XXS" longname="ADL PCH 600 Series"/>
    <sku did="0x7A99" name="6xxS" code="PCH_6XXS" longname="ADL PCH 600 Series"/>
    <sku did="0x7A9A" name="6xxS" code="PCH_6XXS" longname="ADL PCH 600 Series"/>
    <sku did="0x7A9B" name="6xxS" code="PCH_6XXS" longname="ADL PCH 600 Series"/>
    <sku did="0x7A9C" name="6xxS" code="PCH_6XXS" longname="ADL PCH 600 Series"/>
    <sku did="0x7A9D" name="6xxS" code="PCH_6XXS" longname="ADL PCH 600 Series"/>
    <sku did="0x7A9E" name="6xxS" code="PCH_6XXS" longname="ADL PCH 600 Series"/>
    <sku did="0x7A9F" name="6xxS" code="PCH_6XXS" longname="ADL PCH 600 Series"/>
    <sku did="0x7A00-0x7A1F" name="7xxS" code="PCH_6XXS" longname="PCH 700 Series"/>
    <sku did="0x7A04" name="7xxS" code="PCH_6XXS" longname="PCH Z790"/>
    <sku did="0x7A05" name="7xxS" code="PCH_6XXS" longname="PCH H770"/>
    <sku did="0x7A06" name="7xxS" code="PCH_6XXS" longname="PCH B760"/>
    <sku did="0x7A0D" name="7xxS" code="PCH_6XXS" longname="PCH WM790"/>
    <sku did="0x7A0C" name="7xxS" code="PCH_6XXS" longname="PCH HM770"/>
    <sku did="0x7A13" name="7xxS" code="PCH_6XXS" longname="PCH C266"/>
    <sku did="0x7A14" name="7xxS" code="PCH_6XXS" longname="PCH C262"/>
  </info>

  <!-- #################################### -->
  <!--                                      -->
  <!-- Integrated devices                   -->
  <!--                                      -->
  <!-- #################################### -->
  <pci>
    <device name="P2SBC"   bus="0" dev="0x1F" fun="1" vid="0x8086" did="0x7AA0" />
    <device name="PMC"     bus="0" dev="0x1F" fun="2" vid="0x8086" did="0x7AA1" />
    <device name="HDAUDIO" bus="0" dev="0x1F" fun="3" vid="0x8086" did="0x7AD0, 0x7AD1, 0x7AD2, 0x7AD3, 0x7AD4, 0x7AD5, 0x7AD6, 0x7AD7" />
    <device name="SMBUS"   bus="0" dev="0x1F" fun="4" vid="0x8086" did="0x7AA3" />
    <device name="SPI"     bus="0" dev="0x1F" fun="5" vid="0x8086" did="0x7AA4" />
  </pci>

  <!-- #################################### -->
  <!--                                      -->
  <!-- Memory Mapped I/O spaces (MMIO BARs) -->
  <!--                                      -->
  <!-- #################################### -->
  <mmio>
    <bar name="SPIBAR"   bus="0" dev="0x1F" fun="5" reg="0x10" width="4" mask="0xFFFFF000" size="0x1000" desc="SPI Controller Register Range"/>
    <bar name="PWRMBASE" register="PWRMBASE" base_field="BA" size="0x2000" fixed_address="0xFE000000" desc="Power Management Register Range"/>
    <bar name="SBREGBAR" register="SBREG_BAR" base_field="RBA" size="0x1000000" fixed_address="0xE0000000" desc="Sideband Register Access BAR"/>
  </mmio>

  <!-- #################################### -->
  <!--                                      -->
  <!-- I/O spaces (I/O BARs)                -->
  <!--                                      -->
  <!-- #################################### -->
  <io>
    <bar name="ABASE"      register="ABASE"    base_field="BA"    size="0x100" fixed_address="0x1800" desc="ACPI Base Address"/>
    <bar name="PMBASE"     register="ABASE"    base_field="BA"    size="0x100" fixed_address="0x1800" desc="ACPI Base Address"/>
    <bar name="TCOBASE"    register="TCOBASE"  base_field="TCOBA" size="0x20"  desc="TCO Base Address"/>
    <bar name="SMBUS_BASE" register="SMB_BASE" base_field="BA"    size="0x20"  desc="SMBus Base Address"/>
  </io>

  <!-- #################################### -->
  <!--                                      -->
  <!-- Memory ranges                        -->
  <!--                                      -->
  <!-- #################################### -->
  <memory>
  </memory>

  <!-- #################################### -->
  <!--                                      -->
  <!-- Configuration registers              -->
  <!--                                      -->
  <!-- #################################### -->
  <registers>
    <!-- ~~~~~~~~~~~~~~~~~~~~~~~~~~~~ -->
    <!-- MSR Definitions              -->
    <!-- ~~~~~~~~~~~~~~~~~~~~~~~~~~~~ -->

    <!-- ~~~~~~~~~~~~~~~~~~~~~~~~~~~~ -->
    <!-- PCIe Configuration registers -->
    <!-- ~~~~~~~~~~~~~~~~~~~~~~~~~~~~ -->

    <!-- Power Management Controller -->
    <register name="PWRMBASE" type="pcicfg" bus="0" dev="0x1f" fun="2" offset="0x10" size="4" desc="PM Base Address">
      <field name="STYPE" bit="0"  size="1"  desc="Space Type (always 0 - memory space)"/>
      <field name="BA"    bit="13" size="19" desc="Base Address"/>
    </register>
    <register name="PWRMBASEHIGH" type="pcicfg" bus="0" dev="0x1f" fun="2" offset="0x14" size="4" desc="Base Address High" >
      <field name="BA_HIGH" bit="0" size="32" desc="Base Address High" />
    </register>
    <register name="PM1_CNT" type="mmio" bar="PWRMBASE" offset="0x4" size="4" desc="" >
      <field name="SCI_EN" bit="0" size="1" desc=""/>
      <field name="GBL_RLS" bit="2" size="1" desc=""/>
      <field name="SLP_TYP" bit="10" size="3" desc=""/>
      <field name="SLP_EN" bit="13" size="1" desc=""/>
    </register>
    <register name="PM1_TMR" type="mmio" bar="PWRMBASE" offset="0x8" size="4" desc="" >
      <field name="TMR_VAL" bit="0" size="24" desc=""/>
    </register>
    <register name="SMI_EN" type="iobar" bar="ABASE" offset="0x30" size="4" desc="" >
      <field name="GBL_SMI_EN" bit="0" size="1" desc=""/>
      <field name="TCO_EN" bit="13" size="1" desc=""/>
      <field name="GPIO_UNLOCK_SMI_EN" bit="27" size="1" desc=""/>
    </register>
    <register name="ETR3" type="mmio" bar="PWRMBASE" offset="0x1048" size="4" desc="Extended Test Mode Register 3" >
      <field name="CF9GR"   bit="20" size="1" desc="CF9h Global Reset"/>
      <field name="CF9LOCK" bit="31" size="1" desc="CF9h Lock"/>
    </register>
    <register name="SSML" type="mmio" bar="PWRMBASE" offset="0x104c" size="4" desc="SET STRAP MSG LOCK" >
      <field name="SSL" bit="0" size="1" desc="Set Strap Lock"/>
    </register>
    <register name="ECRPTEN" type="mmio" bar="PWRMBASE" offset="0x1510" size="4" desc="EC Thermal Sensor Reporting Enable" >
      <field name="ECRPTENLOCK" bit="31" size="1" desc="EC Thermal Sensor Reporting Enable Lock"/>
    </register>
    <register name="TL" type="mmio" bar="PWRMBASE" offset="0x1520" size="4" desc="Throttle Level" >
      <field name="TLLOCK" bit="31" size="1" desc="Throttle Level Lock"/>
    </register>
    <register name="TLEN" type="mmio" bar="PWRMBASE" offset="0x1528" size="4" desc="Throttle Levels Enable" >
      <field name="TLENLOCK" bit="31" size="1" desc="Throttle Levels Enable Lock"/>
    </register>
    <register name="PHLC" type="mmio" bar="PWRMBASE" offset="0x1540" size="4" desc="PCH Hot Level Control" >
      <field name="PHLCLOCK" bit="31" size="1" desc="PCH Hot Level Control Lock"/>
    </register>
    <register name="PM_CFG" type="mmio" bar="PWRMBASE" offset="0x1818" size="4" desc="Power Management Configuration Reg 1">
    </register>

    <!-- GEN_PMCON_A -->
    <register name="GEN_PMCON_1" type="mmio" bar="PWRMBASE" offset="0x1020" size="4" desc="General PM Configuration A">
      <field name="ESPI_SMI_LOCK" bit="8" size="1" desc=""/>
    </register>
    <!-- GEN_PMCON_B -->
    <register name="GEN_PMCON_2" type="mmio" bar="PWRMBASE" offset="0x1024" size="4" desc="General PM Configuration B">
      <field name="SMI_LOCK"       bit="4" size="1"/>
      <field name="VR_CONFIG_LOCK" bit="17" size="1" desc="Locks EXT_RAIL_CONFIG and EXT_V1P05_VR_CONFIG"/>
    </register>

    <register name="ACTL" type="mmio" bar="PWRMBASE" offset="0x1BD8" size="4" desc="ACPI Control">
      <field name="SCIS"    bit="0" size="3" desc="SCI IRQ Select"/>
      <field name="EN"      bit="7" size="1" desc="ACPI Enable"/>
    </register>

    <!-- BAR2 -->
    <register name="ABASE" type="pcicfg" bus="0" dev="0x1f" fun="2" offset="0x20" size="4" desc="ACPI Base Address">
      <field name="STYPE" bit="0" size="1" desc="Space Type (default 0)"/>
      <field name="BA"    bit="7" size="25" desc="Base Address"/>
    </register>

    <!-- Intel HD Audio -->
    <register name="HDABAR" type="pcicfg" bus="0" dev="0x1f" fun="3" offset="0x10" size="4" desc="HD Audio Base Lower Address" >
        <field name="BA" bit="14" size="18" desc="Lower Base Address"/>
    </register>

    <!-- SMBus Host Controller -->
    <register name="SMB_BASE" type="pcicfg" device="SMBUS" offset="0x20" size="4" desc="" >

      <field name="BA" bit="5" size="11" desc=""/>
    </register>
    <register name="SMBUS_VID"  type="pcicfg" bus="0" dev="0x1F" fun="4" offset="0x00" size="2" desc="VID" />
    <register name="SMBUS_DID"  type="pcicfg" bus="0" dev="0x1F" fun="4" offset="0x02" size="2" desc="DID" />
    <register name="SMBUS_CMD"  type="pcicfg" bus="0" dev="0x1F" fun="4" offset="0x04" size="2" desc="CMD" />
    <register name="SMBUS_HCFG" type="pcicfg" bus="0" dev="0x1F" fun="4" offset="0x40" size="1" desc="Host Configuration">
      <field name="HST_EN"     bit="0" size="1"/>
      <field name="SMB_SMI_EN" bit="1" size="1"/>
      <field name="I2C_EN"     bit="2" size="1"/>
      <field name="SSRESET"    bit="3" size="1"/>
      <field name="SPD_WD"     bit="4" size="1"/>
    </register>
    <register name="TCOBASE"    type="pcicfg" bus="0" dev="0x1f" fun="4" offset="0x50" size="4" desc="TCO Base Address">
      <field name="IOS"   bit="0" size="1"  desc="I/O space"/>
      <field name="TCOBA" bit="5" size="11" desc="TCO Base Address"/>
    </register>
    <register name="TCOCTL"     type="pcicfg" bus="0" dev="0x1f" fun="4" offset="0x54" size="4" desc="TCO Control">
      <field name="TCO_BASE_LOCK" bit="0" size="1" desc="TCO Base Lock"/>
      <field name="TCO_BASE_EN"   bit="8" size="1" desc="TCO Base Enable"/>
    </register>

    <!-- SPI Interface Controller -->
    <register name="BC" type="pcicfg" device="SPI" offset="0xDC" size="4" desc="BIOS Control">

      <field name="BIOSWE"   bit="0" size="1" desc="BIOS Write Enable" />
      <field name="BLE"      bit="1" size="1" desc="BIOS Lock Enable" />
      <field name="SRC"      bit="2" size="2" desc="SPI Read Configuration" />
      <field name="TSS"      bit="4" size="1" desc="Top Swap Status" />
      <field name="SMM_BWP"  bit="5" size="1" desc="SMM BIOS Write Protection" />
      <field name="BBS"      bit="6" size="1" desc="Boot BIOS Strap" />
      <field name="BILD"     bit="7" size="1" desc="BIOS Interface Lock Down"/>
      <field name="ASE_BWP"  bit="11" size="1" desc="Async SMI Enable for BIOS Write Protection"/>
    </register>

    <!-- Sideband Register Access Registers -->
    <register name="SBREG_BAR" type="pcicfg" device="P2SBC" offset="0x10" size="4" desc="Sideband Register Access BAR">
      <field name="RBA" bit="28" size="4" desc="Register Base Address"/>
    </register>
    <register name="P2SBC" type="pcicfg" device="P2SBC" offset="0xE0" size="4" desc="P2SB Configuration Register">
      <field name="HIDE"     bit="8"  size="1" desc="Hide SBREG_BAR"/>
	    <field name="MASKLOCK" bit="17" size="1" desc="P2SB Mask Lock"/>
      <field name="SBILOCK"  bit="31" size="1" desc="SBI register Lock"/>
    </register>
    <register name="EPMASK0" type="mmcfg" device="P2SBC" offset="0x220" size="4" desc="Endpoint Mask 0">
    </register>
    <register name="EPMASK1" type="mmcfg" device="P2SBC" offset="0x224" size="4" desc="Endpoint Mask 1">
    </register>
    <register name="EPMASK2" type="mmcfg" device="P2SBC" offset="0x228" size="4" desc="Endpoint Mask 2">
    </register>
    <register name="EPMASK3" type="mmcfg" device="P2SBC" offset="0x22C" size="4" desc="Endpoint Mask 3">
    </register>
    <register name="EPMASK4" type="mmcfg" device="P2SBC" offset="0x230" size="4" desc="Endpoint Mask 4">
    </register>
    <register name="EPMASK5" type="mmcfg" device="P2SBC" offset="0x234" size="4" desc="Endpoint Mask 5">
    </register>
    <register name="EPMASK6" type="mmcfg" device="P2SBC" offset="0x238" size="4" desc="Endpoint Mask 6">
    </register>
    <register name="EPMASK7" type="mmcfg" device="P2SBC" offset="0x23C" size="4" desc="Endpoint Mask 7">
    </register>

    <!-- ~~~~~~~~~~~~~~~~~~~~~~~~~~~~ -->
    <!-- MMIO registers               -->
    <!-- ~~~~~~~~~~~~~~~~~~~~~~~~~~~~ -->

    <!-- PCH SPIBAR registers -->
    <register name="SPIBAR" type="pcicfg" bus="0" dev="0x1f" fun="5" offset="0x10" size="4" desc="" >
        <field name="BA" bit="12" size="20" desc=""/>
    </register>
    <register name="BFPR" type="mmio" bar="SPIBAR" offset="0x00" size="4" desc="BIOS Flash Primary Region Register (= FREG1)">
      <field name="PRB"  bit="0"  size="15" desc="BIOS Flash Primary Region Base"/>
      <field name="PRL"  bit="16" size="15" desc="BIOS Flash Primary Region Limit"/>
    </register>
    <register name="HSFS" type="mmio" bar="SPIBAR" offset="0x4" size="4" desc="Hardware Sequencing Flash Status Register">
      <field name="FDONE"   bit="0"  size="1" desc="Flash Cycle Done"/>
      <field name="FCERR"   bit="1"  size="1" desc="Flash Cycle Error"/>
      <field name="AEL"     bit="2"  size="1" desc="Access Error Log"/>
      <field name="SCIP"    bit="5"  size="1" desc="SPI cycle in progress"/>
      <field name="WRSDIS"  bit="11" size="1" desc="Write status disable"/>
      <field name="PR34LKD" bit="12" size="1" desc="PRR3 PRR4 Lock-Down"/>
      <field name="FDOPSS"  bit="13" size="1" desc="Flash Descriptor Override Pin-Strap Status"/>
      <field name="FDV"     bit="14" size="1" desc="Flash Descriptor Valid"/>
      <field name="FLOCKDN" bit="15" size="1" desc="Flash Configuration Lock-Down"/>
      <field name="FGO"     bit="16" size="1" desc="Flash cycle go"/>
      <field name="FCYCLE"  bit="17" size="4" desc="Flash Cycle Type"/>
      <field name="WET"     bit="21" size="1" desc="Write Enable Type"/>
      <field name="FDBC"    bit="24" size="6" desc="Flash Data Byte Count"/>
      <field name="FSMIE"   bit="31" size="1" desc="Flash SPI SMI# Enable"/>
    </register>
    <register name="FADDR" type="mmio" bar="SPIBAR" offset="0x8" size="4" desc="" >
    </register>
    <register name="FRACC" type="mmio" bar="SPIBAR" offset="0x50" size="4" desc="" >
        <field name="BRRA" bit="0" size="8" desc=""/>
        <field name="BRWA" bit="8" size="8" desc=""/>
        <field name="BMRAG" bit="16" size="8" desc=""/>
        <field name="BMWAG" bit="24" size="8" desc=""/>
    </register>
    <register name="FREG0_FLASHD" type="mmio" bar="SPIBAR" offset="0x54" size="4" desc="Flash Region 0 (Flash Descriptor)">
      <field name="RB" bit="0"  size="15" desc="Region Base"/>
      <field name="RL" bit="16" size="15" desc="Region Limit"/>
    </register>
    <register name="FREG1_BIOS" type="mmio" bar="SPIBAR" offset="0x58" size="4" desc="Flash Region 1 (BIOS)">
      <field name="RB" bit="0"  size="15" desc="Region Base"/>
      <field name="RL" bit="16" size="15" desc="Region Limit"/>
    </register>
    <register name="FREG2_ME" type="mmio" bar="SPIBAR" offset="0x5C" size="4" desc="Flash Region 2 (ME)">
      <field name="RB" bit="0"  size="15" desc="Region Base"/>
      <field name="RL" bit="16" size="15" desc="Region Limit"/>
    </register>
    <register name="FREG3_GBE" type="mmio" bar="SPIBAR" offset="0x60" size="4" desc="Flash Region 3 (GBe)">
      <field name="RB" bit="0"  size="15" desc="Region Base"/>
      <field name="RL" bit="16" size="15" desc="Region Limit"/>
    </register>
    <register name="FREG4_PD" type="mmio" bar="SPIBAR" offset="0x64" size="4" desc="Flash Region 4 (Platform Data)">
      <field name="RB" bit="0"  size="15" desc="Region Base"/>
      <field name="RL" bit="16" size="15" desc="Region Limit"/>
    </register>
    <register name="FREG5" type="mmio" bar="SPIBAR" offset="0x68" size="4" desc="Flash Region 5">
      <field name="RB" bit="0"  size="15" desc="Region Base"/>
      <field name="RL" bit="16" size="15" desc="Region Limit"/>
    </register>
    <register name="PR0" type="mmio" bar="SPIBAR" offset="0x84" size="4" desc="Protected Range 0">
      <field name="PRB" bit="0"  size="15"/>
      <field name="RPE" bit="15" size="1"/>
      <field name="PRL" bit="16" size="15"/>
      <field name="WPE" bit="31" size="1"/>
    </register>
    <register name="PR1" type="mmio" bar="SPIBAR" offset="0x88" size="4" desc="Protected Range 1">
      <field name="PRB" bit="0"  size="15"/>
      <field name="RPE" bit="15" size="1"/>
      <field name="PRL" bit="16" size="15"/>
      <field name="WPE" bit="31" size="1"/>
    </register>
    <register name="PR2" type="mmio" bar="SPIBAR" offset="0x8C" size="4" desc="Protected Range 2">
      <field name="PRB" bit="0"  size="15"/>
      <field name="RPE" bit="15" size="1"/>
      <field name="PRL" bit="16" size="15"/>
      <field name="WPE" bit="31" size="1"/>
    </register>
    <register name="PR3" type="mmio" bar="SPIBAR" offset="0x90" size="4" desc="Protected Range 3">
      <field name="PRB" bit="0"  size="15"/>
      <field name="RPE" bit="15" size="1"/>
      <field name="PRL" bit="16" size="15"/>
      <field name="WPE" bit="31" size="1"/>
    </register>
    <register name="PR4" type="mmio" bar="SPIBAR" offset="0x94" size="4" desc="Protected Range 4">
      <field name="PRB" bit="0"  size="15"/>
      <field name="RPE" bit="15" size="1"/>
      <field name="PRL" bit="16" size="15"/>
      <field name="WPE" bit="31" size="1"/>
    </register>
    <register name="FDOC" type="mmio" bar="SPIBAR" offset="0xB4" size="4" desc="Flash Descriptor Observability Control Register">
      <field name="FDSI" bit="2"  size="10" desc="Flash Descriptor Section Index"/>
      <field name="FDSS" bit="12" size="3"  desc="Flash Descriptor Section Select"/>
    </register>
    <register name="FDOD" type="mmio" bar="SPIBAR" offset="0xB8" size="4" desc="Flash Descriptor Observability Data Register">
      <field name="FDSD" bit="0"  size="32" desc="Flash Descriptor Section Data"/>
    </register>
    <register name="LVSCC" type="mmio" bar="SPIBAR" offset="0xC4" size="4" desc="Vendor Specific Component Capabilities">
      <field name="WG"                 bit="2"  size="1" desc="Write Granularity"/>
      <field name="WSR"                bit="3"  size="1" desc="Write Status Required"/>
      <field name="WEWS"               bit="4"  size="1" desc="Write Enable on Write Status"/>
      <field name="QER"                bit="5"  size="3" desc="Quad Enable Requirements"/>
      <field name="EO_4k"              bit="8"  size="8" desc="4k Erase Opcode"/>
      <field name="EO_64k"             bit="16" size="8" desc="64k Erase Opcode"/>
      <field name="SOFT_RST_SUP"       bit="24" size="1" desc="Soft Reset Supported"/>
      <field name="SUSPEND_RESUME_SUP" bit="25" size="1" desc="Suspend/Resume Supported"/>
      <field name="DEEP_PWRDN_SUP"     bit="26" size="1" desc="Deep Powerdown Supported"/>
      <field name="RPMC_SUP"           bit="27" size="1" desc="RPMC Supported"/>
      <field name="EO_4k_VALID"        bit="28" size="1" desc="4k Erase Valid"/>
      <field name="EO_64k_VALID"       bit="29" size="1" desc="64k Erase Valid"/>
      <field name="VCL"                bit="30" size="1" desc="Vendor Component Lock"/>
      <field name="CPPTV"              bit="31" size="1" desc="Component Property Parameter Table Valid"/>
    </register>
    <register name="UVSCC" type="mmio" bar="SPIBAR" offset="0xC8" size="4" desc="Vendor Specific Component Capabilities">
      <field name="WG"                 bit="2"  size="1" desc="Write Granularity"/>
      <field name="WSR"                bit="3"  size="1" desc="Write Status Required"/>
      <field name="WEWS"               bit="4"  size="1" desc="Write Enable on Write Status"/>
      <field name="QER"                bit="5"  size="3" desc="Quad Enable Requirements"/>
      <field name="EO_4k"              bit="8"  size="8" desc="4k Erase Opcode"/>
      <field name="EO_64k"             bit="16" size="8" desc="64k Erase Opcode"/>
      <field name="SOFT_RST_SUP"       bit="24" size="1" desc="Soft Reset Supported"/>
      <field name="SUSPEND_RESUME_SUP" bit="25" size="1" desc="Suspend/Resume Supported"/>
      <field name="DEEP_PWRDN_SUP"     bit="26" size="1" desc="Deep Powerdown Supported"/>
      <field name="RPMC_SUP"           bit="27" size="1" desc="RPMC Supported"/>
      <field name="EO_4k_VALID"        bit="28" size="1" desc="4k Erase Valid"/>
      <field name="EO_64k_VALID"       bit="29" size="1" desc="64k Erase Valid"/>
      <field name="CPPTV"              bit="31" size="1" desc="Component Property Parameter Table Valid"/>
    </register>

    <!-- PCH RTC registers -->
    <register name="RC" type="mm_msgbus" port="0xC3" offset="0x3400" size="4" desc="RTC Configuration">
      <field name="UE"   bit="2"  size="1" desc="Upper 128 Byte Enable"/>
      <field name="LL"   bit="3"  size="1" desc="Lower 128 Byte Lock"/>
      <field name="UL"   bit="4"  size="1" desc="Upper 128 Byte Lock"/>
      <field name="BILD" bit="31" size="1" desc="BIOS Interface Lock-Down"/>
    </register>
    <register name="BUC" type="mm_msgbus" port="0xC3" offset="0x3414" size="4" desc="Backed Up Control">
      <field name="TS" bit="0" size="1" desc="Top Swap"/>
    </register>
    <register name="RST_CNT" type="mm_msgbus" port="0xc4" offset="0xcf9" size="1" desc="" >
      <field name="SYS_RST"  bit="1" size="1" desc=""/>
      <field name="RST_CPU"  bit="2" size="1" desc=""/>
      <field name="FULL_RST" bit="3" size="1" desc=""/>
    </register>

    <!-- MISC registers -->
    

    <!-- PCH RTC registers -->

    <!-- ~~~~~~~~~~~~~~~~~~~~~~~~~~~~ -->
    <!-- I/O registers (I/O ports)    -->
    <!-- ~~~~~~~~~~~~~~~~~~~~~~~~~~~~ -->
    <!-- PCH TCOBASE (SMBus TCO) I/O registers -->
    <register name="TCO1_CNT" type="iobar" bar="TCOBASE" offset="0x8" size="2" desc="TCO1 Control">
      <field name="TCO_LOCK" bit="12" size="1" desc="TCO Lock"/>
    </register>

    <!-- ~~~~~~~~~~~~~~~~~~~~~~~~~~~~ -->
    <!--      Undefined Registers     -->
    <!-- ~~~~~~~~~~~~~~~~~~~~~~~~~~~~ -->

  </registers>
  <!-- #################################### -->
  <!--                                      -->
  <!-- 'Controls'                           -->
  <!--                                      -->
  <!-- #################################### -->
  <controls>
    <control name="BiosInterfaceLockDown"  register="BC"          field="BILD"           desc="BIOS Interface Lock-Down"/>
    <control name="TopSwap"                register="BC"          field="TSS"            desc="Top Swap Status"/>
    <control name="SpiWriteStatusDis"      register="HSFS"        field="WRSDIS"         desc="Write Status Disable"/>
    <control name="SMILock"                register="GEN_PMCON_2" field="SMI_LOCK"       desc="SMI Global Configuration Lock"/>
    <control name="TcoCtlLock"             register="TCOCTL"      field="TCO_BASE_LOCK"  desc="TCO Base Lock"/>
    <control name="StrapMessage"           register="SSML"        field="SSL"            desc="Set_Strap Lock"/>
  </controls>

</configuration>
