<?xml version="1.0"?>
<configuration>
<!--
XML configuration for Serial Flash Discoverable Parameter feature
document: https://www.jedec.org/system/files/docs/JESD216D-01.pdf
-->
  <info></info>
  
  <registers>
    <register name="DWORD1" offset="0x00" type="R Byte" size="4" desc="JEDEC Basic Flash Parameter Table: 1st DWORD ">
      <field name="BLK_ERASE_SUPPORT" bit="0" size="2" desc="Block Sector Erase Sizes"/>
      <field name="WR_GRANULTY" bit="2" size="1" desc="Write Granularity"/>
      <field name="BLK_PRT_VOL_STATUS" bit="3" size="1" desc="Write Enable Instruction Required for Writing to Volatile Status Register"/>
      <field name="WREnable_INST_Select" bit="4" size="1" desc="Write Enable Opcode Select for Writing to Volatile Status Register"/>
      <field name="Unused" bit="5" size="3" desc="Unused register"/>
      <field name="4K_Erase_INST" bit="8" size="8" desc="4K Erase Opcode"/>
      <field name="FASTREAD_112_SUPPORT" bit="16" size="1" desc="Supports (1-1-2) fast read"/>
      <field name="ADDR_BYTES" bit="17" size="2" desc="Number of bytes used in addressing flash array read, write and erase"/>
      <field name="DTR_CLK_SUPPORT" bit="19" size="1" desc="DTR Clocking Support"/>
      <field name="FASTREAD_122_SUPPORT" bit="20" size="1" desc="Supports ( 1-2-2) fast read"/>
      <field name="FASTREAD_144_SUPPORT" bit="21" size="1" desc="Supports ( 1-4-4) fast read"/>
      <field name="FASTREAD_114_SUPPORT" bit="22" size="1" desc="Supports ( 1-4-4) fast read"/>
      <field name="UNUSED" bit="23" size="9" desc="Unused"/>
    </register>
    <register name="DWORD2" offset="0x04" type="R Byte" size="4" desc="JEDEC Basic Flash Parameter Table: 2nd DWORD ">
      <field name="FLASH_MEM_DENSITY" bit="0" size="32" desc="Flash Memory Density"/>
    </register>
    <register name="DWORD3" offset="0x08" type="R Byte" size="4" desc="JEDEC Basic Flash Parameter Table: 3rd DWORD ">
      <field name="144_FR_NUM_WAIT_STATES" bit="0" size="5" desc="(1-4-4) fast read number of wait states (dummy clocks) needed before valid output"/>
      <field name="144_FR_QUAD_NUM_MODE_CLKS" bit="5" size="3" desc="Quad Input Address Quad Output (1-4-4) Fast Read Number of Mode Bits"/>
      <field name="144_FR_INST" bit="8" size="8" desc="(1-4-4) fast read Opcode"/>
      <field name="114_FR_NUM_WAIT_STATES" bit="16" size="5" desc="(1-1-4) fast read number of wait states (dummy clocks)"/>
      <field name="114_FR_NUM_MODE_CLKS" bit="21" size="3" desc="(1-1-4) fast read number of Mode Bits"/>
      <field name="114_FR_INST" bit="24" size="8" desc="(1-1-4) fast read Opcode"/>
    </register>
    <register name="DWORD4" offset="0xC" type="R Byte" size="4" desc="JEDEC Basic Flash Parameter Table: 4th DWORD ">
      <field name="112_FR_NUM_WAIT_STATES" bit="0" size="5" desc="(1-1-2) fast read Number of Wait states (dummy clocks) needed before valid output"/>
      <field name="112_FR_NUM_MODE_CLKS" bit="5" size="3" desc="(1-1-2) fast read Number of Mode Bits"/>
      <field name="112_FR_INST" bit="8" size="8" desc="(1-1-2) fast read Opcode"/>
      <field name="112_FR_NUM_WAIT_STATES" bit="16" size="5" desc="(1-2-2) fast read Number of Wait states (dummy clocks)"/>
      <field name="122_FR_NUM_MODE_CLKS" bit="21" size="3" desc="(1-2-2) fast read Number of Mode Bits"/>
      <field name="122_FR_INST" bit="24" size="8" desc="(1-2-2) fast read Opcode"/>
    </register>
    <register name="DWORD5" offset="0x10" type="R Byte" size="4" desc="JEDEC Basic Flash Parameter Table: 5th DWORD  ">
      <field name="222_FR_SUPPORT" bit="0" size="1" desc="Supports (2-2-2) fast read"/>
      <field name="Reserved" bit="1" size="3" desc="Reserved"/>
      <field name="444_FR_SUPPORT" bit="4" size="1" desc="Supports ( 4-4-4) fast read"/>
      <field name="RESERVED" bit="5" size="27" desc="Reserved"/>
    </register>
    <register name="DWORD6" offset="0x14" type="R Byte" size="4" desc="JEDEC Basic Flash Parameter Table: 6th DWORD ">
      <field name="RESERVED" bit="0" size="16" desc="Reserved"/>
      <field name="222_FR_NUM_WAIT_STATES" bit="16" size="5" desc="(2-2-2) fast read Number of Wait states (dummy clocks) needed before valid output"/>
      <field name="222_FR_NUM_MOD_CLKS" bit="21" size="3" desc="(2-2-2) fast read Number of Mode Bits"/>
      <field name="222_FR_INST" bit="24" size="8" desc="(2-2-2) fast read Opcode"/>
    </register>
    <register name="DWORD7" offset="0x18" type="R Byte" size="4" desc="JEDEC Basic Flash Parameter Table: 7th DWORD ">
      <field name="RESERVED" bit="0" size="16" desc="Reserved"/>
      <field name="444_FR_NUM_WAIT_STATES" bit="16" size="5" desc="(4-4-4) fast read number of wait states (dummy clocks) needed before valid output"/>
      <field name="444_FR_NUM_MOD_CLKS" bit="21" size="3" desc="(4-4-4) fast read number of mode bits"/>
      <field name="444_FR_INST" bit="24" size="8" desc="(4-4-4) fast read Opcode"/>
    </register>
    <register name="DWORD8" offset="0x1C" type="R Byte" size="4" desc="JEDEC Basic Flash Parameter Table: 8th DWORD  ">
      <field name="ERASE_TYPE1_SIZE" bit="0" size="8" desc="Sector Type 1 size"/>
      <field name="ERASE_TYPE1_INST" bit="8" size="8" desc="Sector Type 1 Opcode"/>
      <field name="ERASE_TYPE2_SIZE" bit="16" size="8" desc="Sector Type 2 size"/>
      <field name="ERASE_TYPE1_INST" bit="24" size="8" desc="Sector Type 2 Opcode"/>
    </register>
    <register name="DWORD9" offset="0x20" type="R Byte" size="4" desc="JEDEC Basic Flash Parameter Table: 9th DWORD ">
      <field name="ERASE_TYPE3_SIZE" bit="0" size="8" desc="Sector Type 3 size"/>
      <field name="ERASE_TYPE3_OPCODE" bit="8" size="8" desc="Sector Type 3 Opcode"/>
      <field name="ERASE_TYPE4_SIZE" bit="16" size="8" desc="Sector Type 4 size"/>
      <field name="ERASE_TYPE4_OPCODE" bit="24" size="8" desc="Sector Type 4 Opcode"/>
    </register>
    <register name="DWORD10" offset="0x24" type="R Byte" size="4" desc="JEDEC Basic Flash Parameter Table: 10th DWORD ">
      <field name="MULTIPLIER" bit="0" size="4" desc="Multiplier from typical erase time to maximum erase time"/>
      <field name="ERASE_TYPE1_TIME" bit="4" size="7" desc="Erase Type 1 Erase, Typical time"/>
      <field name="ERASE_TYPE2_TIME" bit="11" size="7" desc="Erase Type 2 Erase, Typical time"/>
      <field name="ERASE_TYPE3_TIME" bit="18" size="7" desc="Erase Type 3 Erase, Typical time"/>
      <field name="ERASE_TYPE4_TIME" bit="25" size="7" desc="Erase Type 4 Erase, Typical time"/>
    </register>
    <register name="DWORD11" offset="0x28" type="R Byte" size="4" desc="JEDEC Basic Flash Parameter Table: 11th DWORD ">
      <field name="MULTIPLIER" bit="0" size="4" desc="Multiplier from typical to maximum erase time for page or Byte program"/>
      <field name="PAGE_SIZE" bit="4" size="4" desc="Page Size"/>
      <field name="PAGE_PRG_TYPICAL_TIME" bit="8" size="6" desc="Page Program Typical time"/>
      <field name="BYTE_PRG_TYPICAL_TIME_FIRST" bit="14" size="5" desc="Byte Program Typical time"/>
      <field name="BYTE_PRG_TYPICAL_TIME_ADTNL" bit="19" size="5" desc="Byte Program Typical time, additional byte"/>
      <field name="CHIP_ERASE" bit="24" size="7" desc="Chip Erase, Typical time"/>
      <field name="Reserved" bit="31" size="1" desc="Reserved"/>
    </register>
    <register name="DWORD12" offset="0x2C" type="R Byte" size="4" desc="JEDEC Basic Flash Parameter Table: 12th DWORD ">
      <field name="PO_PRG_SUSPEND" bit="0" size="4" desc="Prohibited Operations During Program Suspend"/>
      <field name="PO_ERASE_SUSPEND" bit="4" size="4" desc="Prohibited Operations During Erase Suspend"/>
      <field name="Reserved" bit="8" size="1" desc="Reserved"/>
      <field name="PRG_RESUME2SUSPD_INTERVAL" bit="9" size="4" desc="Program Resume to Suspend Interval"/>
      <field name="SUSPD_INPRG_MAXLATENCY" bit="13" size="7" desc="Suspend in-progress program max latency"/>
      <field name="ERASE_RESUME2SUSPD_INTERVAL" bit="20" size="4" desc="Erase Resume to suspend latency"/>
      <field name="SUSPD_INPRG_ERASE_MAXLATENCY" bit="24" size="7" desc="Suspend in-progress erase max latency"/>
      <field name="SUSPEND_RESUME_SUPPORT" bit="31" size="1" desc="Suspend/Resume Supported"/>
    </register>
    <register name="DWORD13" offset="0x30" type="R Byte" size="4" desc="JEDEC Basic Flash Parameter Table: 13th DWORD ">
      <field name="PRG_RESUME_INST" bit="0" size="8" desc="Program Resume Instruction"/>
      <field name="PRG_SUSP_INST" bit="8" size="8" desc="Program Suspend Instruction"/>
      <field name="RESUME_INST" bit="16" size="8" desc="Resume Instruction"/>
      <field name="SUSP_INST" bit="24" size="8" desc="Suspend Instruction"/>
    </register>
    <register name="DWORD14" offset="0x34" type="R Byte" size="4" desc="JEDEC Basic Flash Parameter Table: 14th DWORD ">
      <field name="RESERVED" bit="0" size="2" desc="Reserved"/>
      <field name="STS_POLLING_BUSY" bit="2" size="6" desc="Status Register Polling Device Busy"/>
      <field name="EXIT_DPWDOWN_DELAY" bit="8" size="7" desc="Exit Deep Powerdown to next operation delay"/>
      <field name="EXIT_DPWDOWN_INST" bit="15" size="8" desc="Exit Deep Powerdown Instruction"/>
      <field name="ENTER_DPWDOWN_INST" bit="23" size="8" desc="Enter Deep Powerdown Instruction"/>
      <field name="DPWDOWN_SUPPORT" bit="31" size="1" desc="Deep Powerdown Supported"/>
    </register>
    <register name="DWORD15" offset="0x38" type="R Byte" size="4" desc="JEDEC Basic Flash Parameter Table: 15th DWORD ">
      <field name="444_DISABLE_SEQ" bit="0" size="4" desc="4-4-4 mode disable sequences"/>
      <field name="444_ENABLE_SEQ" bit="4" size="5" desc="4-4-4 mode enable sequences"/>
      <field name="044_MODE_SUPPORTED" bit="9" size="1" desc="0-4-4 mode supported"/>
      <field name="044_EXIT_METHOD" bit="10" size="6" desc="0-4-4 Mode Exit Method"/>
      <field name="044_ENTRY_METHOD" bit="16" size="4" desc="0-4-4 Mode Entry Method"/>
      <field name="QUAD_ENABLE_REQ" bit="20" size="3" desc="Quad Enable Requirements"/>
      <field name="HOLD_RESET_DISABLE" bit="23" size="1" desc="Hold or Reset disable"/>
      <field name="RESERVED" bit="24" size="8" desc="Reserved"/>
    </register>
    <register name="DWORD16" offset="0x3C" type="R Byte" size="4" desc="JEDEC Basic Flash Parameter Table: 16th DWORD ">
      <field name="VLT_WRENABLE_INST" bit="0" size="7" desc="Volatile or Non-Volatile Register and Write Enable Instruction for Status Register 1"/>
      <field name="RESERVED" bit="7" size="1" desc="Reserved"/>
      <field name="SRESET_RESC_SUPPORT" bit="8" size="6" desc="Soft Reset and Rescue Sequence Support"/>
      <field name="EXIT_4BYTE_ADDR" bit="14" size="10" desc="Exit 4 Byte Addressing"/>
      <field name="ENTER_4BYTE_ADDR" bit="24" size="8" desc="Enter 4 Byte Addressing"/>
    </register>
    <register name="DWORD17" offset="0x40" type="R Byte" size="4" desc="JEDEC Basic Flash Parameter Table: 17th DWORD ">
      <field name="188_FR_NUM_WAIT_STATES" bit="0" size="5" desc="(1-8-8) Fast Read Number of Wait states (dummy clocks) needed before valid output"/>
      <field name="188_FR_NUM_MOD_CLKS" bit="5" size="3" desc="(1-8-8) Fast Read Number of Mode Clocks"/>
      <field name="188_FR_INST" bit="8" size="8" desc="(1-8-8) Fast Read Instruction"/>
      <field name="118_FR_NUM_WAIT_STATES" bit="16" size="5" desc="(1-1-8) Fast Read Number of Wait states (dummy clocks) needed before valid output"/>
      <field name="118_FR_NUM_MOD_CLKS" bit="21" size="3" desc="(1-1-8) Fast Read Number of Mode Clocks"/>
      <field name="118_FR_INST" bit="24" size="8" desc="(1-8-8) Fast Read Instruction"/>
    </register>
    <register name="DWORD18" offset="0x44" type="R Byte" size="4" desc="JEDEC Basic Flash Parameter Table: 18th DWORD ">
      <field name="Reserved" bit="0" size="18" desc="Reserved"/>
      <field name="VAR_OUT_DRV_STRENGTH" bit="18" size="5" desc="Variable Output Driver Strength"/>
      <field name="JEDEC_SPI_RESET" bit="23" size="1" desc="JEDEC SPI Protocol Reset (In-Band Reset)"/>
      <field name="DATA_STRB_WAVEFORMS_STR_MODE" bit="24" size="2" desc="Data Strobe Waveforms in STR Mode"/>
      <field name="4S4S4S_DATA_STRB_QPI_STR_MODE" bit="26" size="1" desc="Data Strobe support for QPI STR mode (4S-4S-4S)"/>
      <field name="4S4D4D_DATA_STRB_QPI_DTR_MODE" bit="27" size="1" desc="Data Strobe support for QPI DTR mode (4S-4D-4D)"/>
      <field name="Reserved" bit="28" size="1" desc="Reserved"/>
      <field name="8D8D8D_OCTAL_DTR_CMD_EXT" bit="29" size="2" desc="Octal DTR (8D-8D-8D) Command and Command Extension"/>
      <field name="8D8D8D_BYTE_ORDER_MODE" bit="31" size="1" desc="Octal DTR (8D-8D-8D) Command and Command Extension"/>
    </register>
    <register name="DWORD19" offset="0x48" type="R Byte" size="4" desc="JEDEC Basic Flash Parameter Table: 19th DWORD ">
      <field name="8S8S8S_DISABLE_SEQ" bit="0" size="4" desc="8S-8S-8S mode disable sequences"/>
      <field name="8S8S8S_ENABLE_SEQ" bit="4" size="5" desc="8S-8S-8S mode enable sequences"/>
      <field name="088_MODE_SUPPORTED" bit="9" size="1" desc="0-8-8 mode supported"/>
      <field name="088_EXIT_METHOD" bit="10" size="6" desc="0-8-8 Mode Exit Method"/>
      <field name="088_ENTRY_METHOD" bit="16" size="4" desc="0-8-8 Mode Entry Method"/>
      <field name="OCTAL_ENABLE_REQ" bit="20" size="3" desc="Octal Enable Requirements"/>
      <field name="RESERVED" bit="23" size="9" desc="Reserved"/>
    </register>
    <register name="DWORD20" offset="0x4C" type="R Byte" size="4" desc=" ">
      <field name="MAX4SMODE_SPEED_WITHOUT_STRB" bit="0" size="4" desc="Maximum operation speed of device in 4S-4S-4S mode when not utilizing Data Strobe"/>
      <field name="MAX4SMODE_SPEED_WITH_STRB" bit="4" size="4" desc="Maximum operation speed of device in 4S-4S-4S mode when utilizing Data Strobe"/>
      <field name="MAX4S4D4DMODE_SPEED_WITHOUT_STRB" bit="8" size="4" desc="Maximum operation speed of device in 4S-4D-4D mode when not utilizing Data Strobe"/>
      <field name="MAX4S4D4DMODE_SPEED_WITH_STRB" bit="12" size="4" desc="Maximum operation speed of device in 4S-4D-4D mode when utilizing Data Strobe"/>
      <field name="MAX8SMODE_SPEED_WITHOUT_STRB" bit="16" size="4" desc="Maximum operation speed of device in 8S-8S-8S mode when not utilizing Data Strobe"/>
      <field name="MAX8SMODE_SPEED_WITH_STRB" bit="20" size="4" desc="Maximum operation speed of device in 8S-8S-8S mode when utilizing Data Strobe"/>
      <field name="MAX8DMODE_SPEED_WITHOUT_STRB" bit="24" size="4" desc="Maximum operation speed of device in 8D-8D-8D mode when not utilizing Data Strobe"/>
      <field name="MAX8DMODE_SPEED_WITH_STRB" bit="28" size="4" desc="Maximum operation speed of device in 8D-8D-8D mode when utilizing Data Strobe"/>
    </register>
  </registers>
</configuration>

