<?xml version="1.0"?>
<configuration platform="SNB">
<!--
XML configuration for Sandy Bridge based platforms
-->

  <!-- #################################### -->
  <!--                                      -->
  <!-- Information                          -->
  <!--                                      -->
  <!-- #################################### -->
  <info family="core" detection_value="0x306e0, 0x306e2-0x306e4, 0x206d6-0x206d7">
    <sku did="0x0100" name="Sandy Bridge" code="SNB" longname="Desktop 2nd Generation Core Processor (Sandy Bridge CPU / Cougar Point PCH)" />
    <sku did="0x0104" name="Sandy Bridge" code="SNB" longname="Mobile 2nd Generation Core Processor (Sandy Bridge CPU / Cougar Point PCH)" />
    <sku did="0x0108" name="Sandy Bridge" code="SNB" longname="Intel Xeon Processor E3-1200 (Sandy Bridge CPU, C200 Series PCH)" />
  </info>

  <!-- #################################### -->
  <!--                                      -->
  <!-- Integrated devices                   -->
  <!--                                      -->
  <!-- #################################### -->
  <pci>
  </pci>

  <!-- #################################### -->
  <!--                                      -->
  <!-- Memory Mapped I/O spaces (MMIO BARs) -->
  <!--                                      -->
  <!-- #################################### -->
  <mmio>
  </mmio>

  <!-- #################################### -->
  <!--                                      -->
  <!-- I/O spaces (I/O BARs)                -->
  <!--                                      -->
  <!-- #################################### -->
  <io>
  </io>

  <!-- #################################### -->
  <!--                                      -->
  <!-- Memory ranges                        -->
  <!--                                      -->
  <!-- #################################### -->
  <memory>
  </memory>

  <!-- #################################### -->
  <!--                                      -->
  <!-- Configuration registers              -->
  <!--                                      -->
  <!-- #################################### -->
  <registers>
    <register name="SMBUS_HCFG" type="pcicfg" device="SMBUS" offset="0x40" size="1" desc="Host Configuration">
      <field name="HST_EN"     bit="0" size="1"/>
      <field name="SMB_SMI_EN" bit="1" size="1"/>
      <field name="I2C_EN"     bit="2" size="1"/>
      <field name="SSRESET"    bit="3" size="1"/>
      <field name="RESERVED"   bit="4" size="1"/>
    </register>
  </registers>

</configuration>