<?xml version="1.0"?>
<configuration>
<!--
CHIPSEC: Platform Security Assessment Framework
Copyright (c) 2021, Intel Corporation

This program is free software; you can redistribute it and/or
modify it under the terms of the GNU General Public License
as published by the Free Software Foundation; Version 2.

This program is distributed in the hope that it will be useful,
but WITHOUT ANY WARRANTY; without even the implied warranty of
MERCHANTABILITY or FITNESS FOR A PARTICULAR PURPOSE.  See the
GNU General Public License for more details.

You should have received a copy of the GNU General Public License
along with this program; if not, write to the Free Software
Foundation, Inc., 51 Franklin Street, Fifth Floor, Boston, MA  02110-1301, USA.

Contact information:
chipsec@intel.com
-->
  <info></info>
<!--
XML configuration file for TPM address space
-->
  <registers>

    <register name="TPM_ACCESS" type="memory" access="mmio" address="0xFED40000" offset="0x000" size="1" desc="TPM ACCESS">
      <field name="tpmRegValidSts"   bit="7" size="1" desc="tpmRegValidSts"/>
      <field name="reserved"         bit="6" size="1" desc="reserved"/>
      <field name="activeLocality"   bit="5" size="1" desc="activeLocality"/>
      <field name="beenSeized"       bit="4" size="1" desc="beenSeized"/>
      <field name="Seize"            bit="3" size="1" desc="Seize"/>
      <field name="pendingRequest"   bit="2" size="1" desc="pendingRequest"/>
      <field name="requestUse"       bit="1" size="1" desc="requestUse"/>
      <field name="tpmEstablishment" bit="0" size="1" desc="tpmEstablishment"/>
    </register>

    <register name="TPM_STS" type="memory" access="mmio" address="0xFED40018" offset="0x000" size="4" desc="TPM STATUS">
      <field name="burstCount"    bit="8" size="24" desc="burstCount"/>
      <field name="stsValid"      bit="7" size="1"  desc="stsValid"/>
      <field name="commandReady"  bit="6" size="1"  desc="commandReady"/>
      <field name="tpmGo"         bit="5" size="1"  desc="tpmGo"/>
      <field name="dataAvail"     bit="4" size="1"  desc="dataAvail"/>
      <field name="Expect"        bit="3" size="1"  desc="Expect"/>
      <field name="Reserved"      bit="2" size="1"  desc="Reserved"/>
      <field name="responseRetry" bit="1" size="1"  desc="responseRetry"/>
      <field name="Reserved"      bit="0" size="1"  desc="Reserved"/>
    </register>

    <register name="TPM_DID_VID" type="memory" access="mmio" address="0xFED40F00" offset="0x000" size="4" desc="TPM DID/VID">
      <field name="did" bit="16" size="16" desc="did"/>
      <field name="vid" bit="0"  size="16" desc="vid"/>
    </register>

    <register name="TPM_RID" type="memory" access="mmio" address="0xFED40F04" offset="0x000" size="1" desc="TPM RID">
      <field name="rid" bit="0" size="8" desc="rid"/>
    </register>

    <register name="TPM_INTF_CAPABILITY" type="memory" access="mmio" address="0xFED40014" offset="0x000" size="4" desc="TPM INTF CAPABILITY">
      <field name="Reserved"                 bit="9" size="23" desc="Reserved"/>
      <field name="BurstCountStatic"         bit="8" size="1"  desc="BurstCountStatic"/>
      <field name="CommandReadyIntSupport"   bit="7" size="1"  desc="CommandReadyIntSupport"/>
      <field name="InterruptEdgeFalling"     bit="6" size="1"  desc="InterruptEdgeFalling"/>
      <field name="InterruptEdgeRising"      bit="5" size="1"  desc="InterruptEdgeRising"/>
      <field name="InterruptLevelLow"        bit="4" size="1"  desc="InterruptLevelLow"/>
      <field name="InterruptLevelHigh"       bit="3" size="1"  desc="InterruptLevelHigh"/>
      <field name="LocalityChangeIntSupport" bit="2" size="1"  desc="LocalityChangeIntSupport"/>
      <field name="stsValidIntSupport"       bit="1" size="1"  desc="stsValidIntSupport"/>
      <field name="dataAvailIntSupport"      bit="0" size="1"  desc="dataAvailIntSupport"/>
    </register>

    <register name="TPM_INT_ENABLE" type="memory" access="mmio" address="0xFED40008" offset="0x000" size="4" desc="TPM INT ENABLE">
      <field name="globalIntEnable"         bit="31" size="1"  desc="CommandReadyIntSupport"/>
      <field name="Reserved"                bit="8"  size="23" desc="InterruptEdgeFalling"/>
      <field name="commandReadyEnable"      bit="7"  size="1"  desc="InterruptEdgeRising"/>
      <field name="reserved"                bit="5"  size="2"  desc="InterruptLevelLow"/>
      <field name="typePolarity"            bit="3"  size="2"  desc="InterruptLevelHigh"/>
      <field name="localityChangeIntEnable" bit="2"  size="1"  desc="LocalityChangeIntSupport"/>
      <field name="stsValidIntEnable"       bit="1"  size="1"  desc="stsValidIntSupport"/>
      <field name="dataAvailIntEnable"      bit="0"  size="1"  desc="dataAvailIntSupport"/>
    </register>

  </registers>

  <controls>
  </controls>

</configuration>