<?xml version="1.0"?>
<configuration>
<!--
Common (default) XML platform configuration file for AMD

TODO: move common configuration here once more platforms are added.
-->
  <!-- #################################### -->
  <!--                                      -->
  <!-- Integrated devices                   -->
  <!--                                      -->
  <!-- #################################### -->
  <pci>
  </pci>

  <!-- #################################### -->
  <!--                                      -->
  <!-- Memory Mapped I/O spaces (MMIO BARs) -->
  <!--                                      -->
  <!-- #################################### -->
  <mmio>
  </mmio>

  <!-- #################################### -->
  <!--                                      -->
  <!-- I/O spaces (I/O BARs)                -->
  <!--                                      -->
  <!-- #################################### -->
  <io>
  </io>

  <!-- #################################### -->
  <!--                                      -->
  <!-- Memory ranges                        -->
  <!--                                      -->
  <!-- #################################### -->
  <memory>
  </memory>

  <!-- #################################### -->
  <!--                                      -->
  <!-- Configuration registers              -->
  <!--                                      -->
  <!-- #################################### -->
  <registers>
  </registers>

  <!-- #################################### -->
  <!--                                      -->
  <!-- Controls                             -->
  <!--                                      -->
  <!-- #################################### -->
  <controls>
  </controls>

  <!-- #################################### -->
  <!--                                      -->
  <!-- Locks                                -->
  <!--                                      -->
  <!-- #################################### -->
  <locks>
  </locks>

</configuration>
