{"chipsec.modules.bios_kbrd_buffer": 108312180, "chipsec.modules.common.bios_smi": 204199644, "chipsec.modules.common.bios_ts": 145697866, "chipsec.modules.common.bios_wp": 193154049, "chipsec.modules.common.cet": 255569653, "chipsec.modules.common.debugenabled": 119500305, "chipsec.modules.common.ia32cfg": 237600201, "chipsec.modules.common.memconfig": 153156562, "chipsec.modules.common.memlock": 163539152, "chipsec.modules.common.me_mfg_mode": 159788087, "chipsec.modules.common.remap": 108967309, "chipsec.modules.common.rtclock": 8021026, "chipsec.modules.common.sgx_check": 82627414, "chipsec.modules.common.smm": 136211688, "chipsec.modules.common.smm_code_chk": 52475936, "chipsec.modules.common.smm_dma": 142904285, "chipsec.modules.common.smrr": 24264423, "chipsec.modules.common.spd_wd": 118214919, "chipsec.modules.common.spi_access": 72318534, "chipsec.modules.common.spi_desc": 71072845, "chipsec.modules.common.spi_fdopss": 50654249, "chipsec.modules.common.spi_lock": 224775005, "chipsec.modules.common.cpu.cpu_info": 83457459, "chipsec.modules.common.cpu.ia_untrusted": 252569854, "chipsec.modules.common.cpu.spectre_v2": 39646508, "chipsec.modules.common.secureboot.variables": 210110053, "chipsec.modules.common.uefi.access_uefispec": 76692542, "chipsec.modules.common.uefi.s3bootscript": 146016928, "chipsec.modules.tools.wsmt": 239904442, "chipsec.modules.tools.cpu.sinkhole": 8256205, "chipsec.modules.tools.secureboot.te": 24205520, "chipsec.modules.tools.smm.rogue_mmio_bar": 114949610, "chipsec.modules.tools.smm.smm_ptr": 124753037, "chipsec.modules.tools.uefi.reputation": 32972749, "chipsec.modules.tools.uefi.s3script_modify": 254255606, "chipsec.modules.tools.uefi.scan_blocked": 242632605, "chipsec.modules.tools.uefi.scan_image": 90983053, "chipsec.modules.tools.uefi.uefivar_fuzz": 24791044, "chipsec.modules.tools.vmm.common": 176284027, "chipsec.modules.tools.vmm.cpuid_fuzz": 112801485, "chipsec.modules.tools.vmm.ept_finder": 121258294, "chipsec.modules.tools.vmm.hypercallfuzz": 3736407, "chipsec.modules.tools.vmm.iofuzz": 184623991, "chipsec.modules.tools.vmm.msr_fuzz": 248526150, "chipsec.modules.tools.vmm.pcie_fuzz": 144508011, "chipsec.modules.tools.vmm.pcie_overlap_fuzz": 98012164, "chipsec.modules.tools.vmm.venom": 149188924, "chipsec.modules.tools.vmm.hv.define": 213691401, "chipsec.modules.tools.vmm.hv.hypercall": 68298546, "chipsec.modules.tools.vmm.hv.hypercallfuzz": 122154567, "chipsec.modules.tools.vmm.hv.synth_dev": 145490087, "chipsec.modules.tools.vmm.hv.synth_kbd": 251258484, "chipsec.modules.tools.vmm.hv.vmbus": 18544249, "chipsec.modules.tools.vmm.hv.vmbusfuzz": 258248042, "chipsec.modules.tools.vmm.vbox.vbox_crash_apicbase": 233706947, "chipsec.modules.tools.vmm.xen.define": 31261358, "chipsec.modules.tools.vmm.xen.hypercall": 218038015, "chipsec.modules.tools.vmm.xen.hypercallfuzz": 184734627, "chipsec.modules.tools.vmm.xen.xsa188": 143117306}