{
  "HT_UEFI_Rootkit": {
    "description": "HackingTeam UEFI Rootkit (https://www.mcafee.com/enterprise/en-us/threat-center/advanced-threat-research/uefi-rootkit.html)",
    "match": {
        "rkloader"      : { "name": "rkloader", "guid": "F50258A9-2F4D-4DA9-861E-BDA84D07A44C" },
        "Ntfs"          : { "guid": "F50248A9-2F4D-4DE9-86AE-BDA84D07A41C" },
        "app"           : { "guid": "EAEA9AEC-C9C1-46E2-9D52-432AD25A9B0B" }
      }
  },

  "MR_UEFI_Rootkit": {
    "description": "MosaicRegressor UEFI Rootkit (https://securelist.com/mosaicregressor/98849/)",
    "match": {
      "SmmInterfaceBase" : { "name": "SmmInterfaceBase", "guid": "F50258A9-2F4D-4DA9-861E-BDA84D07A44C" },
      "Ntfs"             : { "name": "Ntfs", "guid": "F50248A9-2F4D-4DE9-86AE-BDA84D07A41C" },
      "SmmReset"         : { "name": "SmmReset", "guid": "EAEA9AEC-C9C1-46E2-9D52-432AD25A9B0C" },
      "SmmAccessSub"     : { "name": "SmmAccessSub", "guid": "EAEA9AEC-C9C1-46E2-9D52-432AD25A9B0B" }
    }
  },

  "ThinkPwn": {
    "description": "ThinkPwn: SystemSmmRuntimeRt SMM vulnerability (http://blog.cr4.sh/2016/06/exploring-and-exploiting-lenovo.html)",
    "match": {
      "SystemSmmRuntimeRt": { "guid": "7C79AC8C-5E6C-4E3D-BA6F-C260EE7C172E", "regexp": "\\xA1\\x97\\x68\\xA5\\x7F\\xA7\\x00\\x46\\x84\\xDB\\x22\\xB0\\xA8\\x01\\xFA\\x9A" },
      "SmmRuntime"        : { "guid": "A56897A1-A77F-4600-84DB-22B0A801FA9A", "regexp": "\\xA1\\x97\\x68\\xA5\\x7F\\xA7\\x00\\x46\\x84\\xDB\\x22\\xB0\\xA8\\x01\\xFA\\x9A" }
    },
    "exclude": {
      "Lenovo_T450s_x240"      : { "md5": "2a56c7dfaefc4de482f8af4aa5344206", "sha1": "7e6d203f062c9d933f530cf36eb1d2538a37f8cc" },
      "Lenovo_Yoga_X1_W550s"   : { "md5": "353359a2314d2c666f03abcf38c26409", "sha1": "0ea473b6e15d54281ccebca162fae56af483a4ba" },
      "Lenovo_X131e"           : { "md5": "0d3b180710f4d0cf87f582a073ef1a93", "sha1": "4aa062e25eb31d6f049b0f98df5df40c566a5dc9" },
      "Lenovo_S230_S430"       : { "md5": "6143b779f97c7905e6f89f770579f4d3", "sha1": "486ba83b874dcd95cc95dd4e78a65f3f16a5433c" },
      "Lenovo_L450"            : { "md5": "efe2d006c3b9baf64cf9f716c64413e3", "sha1": "0def22266f9764f19b11fe6a68018b3428442eb3" },
      "Lenovo_ThinkPad10"      : { "md5": "c0544a33eab93b29092123a668c1bfb7", "sha1": "ee7641d623f1559c39d91a734254b4a34b2acea8" },
      "Lenovo_ThinkServerRD340": { "md5": "0dd581382fcc07f4b61c1061083d717f", "sha1": "fdc0806cc23bacdaaf3447d114203a4dceebb81e" },
      "Lenovo_ThinkServerRD640": { "md5": "0ed692f3f1ebf038f860b0d94608b573", "sha1": "283e039e7ec093dac3efa088616e549c78a1c2e1" },

      "HP_Pavilion13-p_F.0A"                : { "md5": "259e47de95e0b167d8deec275ad443d0", "sha1": "427bf3302d73066aee4946012d04c37bf497a416" },
      "HP_Pavilion14-f_F.0B"                : { "md5": "9c097da7e33d8f26ce69eb90ff89b0bd", "sha1": "3131940c4e05779170b3c3bbdb8c0d19b614f49d" },
      "HP_Pavilion14-15-17_F.27"            : { "md5": "6c674d78b11b1819440e027cdcb4a6e7", "sha1": "dc7424f60db6f9207372ccb3a4066de9203cc974" },
      "HP_Pavilion14-n-15-n_F.70"           : { "md5": "75b2bbaf9a25dcd42c39a67152bedf6b", "sha1": "2598f0dde53e56465a2b8176fe315ff42cd92014" },
      "HP_ProBook4x3xs-6x65b_F.63"          : { "md5": "641afcf52b5ed7abbbeb3dde40cc5bd1", "sha1": "8588fb5b230ec1c0ae12217cee3a5ee98ba112a5" },
      "HP_ProBook4x4xs-4x5G1_F.64"          : { "md5": "9d1e45eaaaf92d30d0edd00bcdb4213d", "sha1": "5542ad8f0f84323bb7b8416eccb0778f97d52093" },
      "HP_ProBook6475b_F.65"                : { "md5": "97a19f161359502c9bf2e0898fc35721", "sha1": "3619a78915abc195fc44d6c59984903c9444a1ab" },
      "HP_ProBook4x5G2-6x5G1_EliteBook7x5G2": { "md5": "37a51e769fbb2df9a086ed4543380488", "sha1": "b27ac995729a64e84c444d7e3d6a5bd6f07611a3" }
    }
  },
  "LoJax": {
    "description": "LoJax: First UEFI rootkit found in the wild (https://www.welivesecurity.com/2018/09/27/lojax-first-uefi-rootkit-found-wild-courtesy-sednit-group/)",
    "match": {
      "SecDxe_file_info": { "name": "SecDxe", "guid": "682894B5-6B70-4EBA-9E90-A607E5676297"},
      "SecDxe_hash_data": { "sha1": "f2be778971ad9df2082a266bd04ab657bd287413", "sha256": "7ea33696c91761e95697549e0b0f84db2cf4033216cd16c3264b10daa31f598c"}
    }
  },
  "FirmwareBleed": {
    "description": "FWBleed: SMM RSB Stuffing Vulnerability (https://binarly.io/posts/FirmwareBleed_The_industry_fails_to_adopt_Return_Stack_Buffer_mitigations_in_SMM/index.html)",
    "match": {
      "PiSmmCpuDxeSmm_file_info": {"guid": "a3ff0ef5-0c28-42f5-b544-8c7de1e80014", "cpuid":"406e3,506e3,50653,50654,60663,806e9,806ea,806eb,906e9,906ea,906eb,906ec" }
    },
    "exclude":{
      "Mitigation":{"guid": "a3ff0ef5-0c28-42f5-b544-8c7de1e80014", "regexp": "\\xf3\\x90\\x0f\\xae\\xe8\\xeb.\\x48\\xff\\xc8\\x75.\\x48\\x81\\xc4....\\x0f\\xaa"}
    }
  }
}
